X,Y,Z
0,0,255.0
119,115,10.87
119,115,11.36
118,115,11.9
118,115,12.5
118,115,13.16
117,115,13.89
116,115,14.71
116,115,15.63
115,114,16.67
116,116,14.71
118,119,11.9
118,119,11.9
0,0,250.0
123,124,6.1
122,124,6.41
122,124,6.58
122,124,6.58
116,121,15.63
114,121,17.86
112,120,20.83
109,120,25.0
105,120,31.25
97,119,41.67
91,119,50.0
67,117,83.33
0,107,250.0
0,117,255.0
0,127,255.0
0,137,255.0
0,147,255.0
0,158,255.0
0,168,255.0
0,178,255.0
0,188,255.0
0,198,255.0
118,131,13.16
0,219,255.0
91,147,50.0
113,135,19.23
91,151,50.0
82,160,62.5
67,174,83.33
37,202,125.0
101,150,35.71
82,170,62.5
37,217,125.0
0,255,250.0
0,255,255.0
0,255,255.0
0,255,255.0
0,255,255.0
0,255,255.0
0,255,255.0
0,255,255.0
0,255,255.0
0,0,255.0
120,115,10.87
119,115,11.36
119,115,11.9
119,115,12.5
118,115,13.16
118,115,13.89
117,115,14.71
116,115,15.63
115,113,17.86
119,118,11.9
119,119,11.36
99,100,41.67
119,120,11.36
123,124,6.1
119,121,11.9
119,121,12.5
123,124,6.58
117,121,14.71
116,121,16.67
114,121,19.23
112,121,22.73
108,120,27.78
103,120,35.71
93,119,50.0
85,120,62.5
42,117,125.0
0,117,255.0
0,127,255.0
0,137,255.0
0,147,255.0
0,158,255.0
0,168,255.0
0,178,255.0
0,188,255.0
0,198,255.0
118,131,13.16
118,132,13.89
116,133,15.63
85,155,62.5
113,137,20.83
85,160,62.5
70,174,83.33
42,202,125.0
103,150,35.71
93,161,50.0
42,217,125.0
0,255,250.0
0,255,255.0
0,255,255.0
0,255,255.0
0,255,255.0
0,255,255.0
0,255,255.0
0,255,255.0
0,255,255.0
121,116,10.0
120,116,10.42
120,116,10.87
120,116,11.36
119,116,11.9
119,116,12.5
119,115,13.16
118,115,13.89
118,115,14.71
119,118,12.5
120,119,11.36
107,106,31.25
0,0,250.0
123,123,5.95
123,124,6.1
119,121,11.9
119,121,12.5
119,121,13.16
123,124,6.76
117,121,15.63
116,121,17.86
114,121,20.83
111,121,25.0
107,121,31.25
100,120,41.67
95,121,50.0
74,120,83.33
0,117,250.0
0,127,255.0
0,137,255.0
0,147,255.0
0,158,255.0
0,168,255.0
0,178,255.0
0,188,255.0
0,198,255.0
119,131,13.16
118,132,13.89
118,133,14.71
116,134,16.67
74,167,83.33
112,139,22.73
74,174,83.33
47,202,125.0
47,207,125.0
47,212,125.0
74,187,83.33
47,222,125.0
0,255,250.0
0,255,255.0
0,255,255.0
0,255,255.0
0,255,255.0
0,255,255.0
0,255,255.0
0,255,255.0
121,116,10.0
121,116,10.42
120,116,10.87
120,116,11.36
120,116,11.9
120,116,12.5
119,115,13.16
119,115,13.89
118,115,14.71
120,118,11.9
113,111,22.73
120,120,10.87
52,47,125.0
120,120,10.87
120,121,11.36
120,121,11.9
123,124,6.41
123,124,6.58
119,121,13.89
118,121,15.63
116,121,17.86
115,121,20.83
112,121,25.0
108,121,31.25
106,121,35.71
97,121,50.0
90,122,62.5
52,122,125.0
0,127,255.0
0,137,255.0
0,147,255.0
0,158,255.0
0,168,255.0
0,178,255.0
0,188,255.0
0,198,255.0
0,209,255.0
119,132,13.89
118,133,14.71
118,134,15.63
116,136,17.86
52,192,125.0
112,141,25.0
77,177,83.33
52,207,125.0
52,212,125.0
77,187,83.33
52,222,125.0
0,255,250.0
0,255,255.0
0,255,255.0
0,255,255.0
0,255,255.0
0,255,255.0
0,255,255.0
0,255,255.0
121,116,10.0
121,116,10.42
121,116,10.87
121,116,11.36
120,116,11.9
120,116,12.5
120,115,13.16
119,115,13.89
119,115,14.71
120,118,11.9
114,111,22.73
121,120,10.87
104,100,41.67
121,120,10.87
121,121,11.36
120,121,11.9
123,124,6.41
123,124,6.58
119,121,13.89
119,122,14.71
118,122,16.67
116,122,19.23
114,122,22.73
111,121,27.78
107,121,35.71
104,122,41.67
92,122,62.5
80,124,83.33
0,127,250.0
0,137,255.0
0,147,255.0
0,158,255.0
0,168,255.0
0,178,255.0
0,188,255.0
0,198,255.0
0,209,255.0
119,132,13.89
119,133,14.71
118,134,15.63
118,135,16.67
116,137,19.23
57,197,125.0
80,177,83.33
57,207,125.0
57,212,125.0
57,217,125.0
57,222,125.0
0,255,250.0
0,255,255.0
0,255,255.0
0,255,255.0
0,255,255.0
0,255,255.0
0,255,255.0
0,255,255.0
122,116,10.0
122,116,10.42
121,116,10.87
121,116,11.36
121,116,11.9
121,116,12.5
120,115,13.16
120,115,13.89
119,115,14.71
121,118,11.36
115,111,22.73
0,0,255.0
62,47,125.0
121,120,10.87
121,121,11.36
121,121,11.9
121,121,11.9
121,122,12.5
120,122,13.16
119,122,14.71
118,122,16.67
117,122,19.23
116,122,20.83
114,122,25.0
111,122,31.25
105,122,41.67
95,122,62.5
84,124,83.33
0,127,250.0
0,137,255.0
0,147,255.0
0,158,255.0
0,168,255.0
0,178,255.0
0,188,255.0
0,198,255.0
0,209,255.0
0,219,255.0
119,133,14.71
119,134,15.63
118,135,16.67
118,136,17.86
0,255,255.0
113,144,27.78
108,150,35.71
62,212,125.0
84,187,83.33
62,222,125.0
0,255,250.0
0,255,255.0
0,255,255.0
0,255,255.0
0,255,255.0
0,255,255.0
0,255,255.0
0,255,255.0
122,116,10.0
122,116,10.42
122,116,10.87
122,116,11.36
121,116,11.9
121,116,12.5
121,115,13.16
120,115,13.89
120,115,14.71
122,118,11.36
116,111,22.73
5,0,255.0
87,74,83.33
122,120,10.87
122,121,11.36
121,121,11.9
121,121,11.9
121,122,12.5
121,122,13.16
120,122,13.89
120,122,15.63
118,122,17.86
117,122,20.83
115,122,25.0
112,122,31.25
107,122,41.67
103,123,50.0
87,124,83.33
7,127,250.0
5,137,255.0
5,147,255.0
5,158,255.0
5,168,255.0
5,178,255.0
5,188,255.0
5,198,255.0
5,209,255.0
5,219,255.0
120,133,14.71
120,134,15.63
119,135,16.67
118,136,17.86
118,138,19.23
115,142,25.0
87,180,83.33
87,184,83.33
87,187,83.33
67,222,125.0
7,255,250.0
5,255,255.0
5,255,255.0
5,255,255.0
5,255,255.0
5,255,255.0
5,255,255.0
5,255,255.0
123,116,10.0
122,116,10.42
122,116,10.87
122,116,11.36
122,116,11.9
122,116,12.5
121,115,13.16
121,115,13.89
121,115,14.71
119,112,19.23
122,120,10.42
15,0,255.0
100,87,62.5
122,120,10.87
122,121,11.36
122,121,11.36
122,121,11.9
122,122,12.5
121,122,13.16
121,122,13.89
120,122,15.63
119,122,17.86
119,122,19.23
117,122,22.73
115,123,27.78
109,122,41.67
105,123,50.0
90,124,83.33
17,127,250.0
15,137,255.0
15,147,255.0
15,158,255.0
15,168,255.0
15,178,255.0
15,188,255.0
15,198,255.0
15,209,255.0
15,219,255.0
15,229,255.0
120,134,15.63
120,135,16.67
119,136,17.86
119,138,19.23
117,141,22.73
72,207,125.0
105,161,50.0
90,187,83.33
72,222,125.0
17,255,250.0
15,255,255.0
15,255,255.0
15,255,255.0
15,255,255.0
15,255,255.0
15,255,255.0
15,255,255.0
123,116,10.0
123,116,10.42
123,116,10.87
122,116,11.36
122,116,11.9
122,116,12.5
122,115,13.16
121,115,13.89
122,118,11.36
119,111,20.83
123,120,10.0
94,70,83.33
107,95,50.0
102,90,62.5
94,80,83.33
122,121,11.36
122,121,11.9
122,122,12.5
122,122,13.16
121,122,13.89
121,122,14.71
120,122,16.67
119,122,19.23
118,122,22.73
116,123,27.78
113,123,35.71
107,123,50.0
94,124,83.33
25,127,255.0
25,137,255.0
25,147,255.0
25,158,255.0
25,168,255.0
25,178,255.0
25,188,255.0
25,198,255.0
25,209,255.0
25,219,255.0
25,229,255.0
25,239,255.0
120,135,16.67
120,136,17.86
119,138,19.23
119,140,20.83
117,143,25.0
77,212,125.0
94,187,83.33
77,222,125.0
27,255,250.0
25,255,255.0
25,255,255.0
25,255,255.0
25,255,255.0
25,255,255.0
25,255,255.0
25,255,255.0
123,115,10.42
123,115,10.87
123,115,11.36
123,115,11.9
123,115,12.5
122,115,13.16
122,115,13.89
122,115,14.71
123,119,10.0
119,110,22.73
117,107,27.78
112,99,41.67
109,95,50.0
105,90,62.5
97,80,83.33
123,121,11.36
123,121,11.9
123,122,12.5
122,122,13.16
122,122,13.89
122,122,14.71
121,122,16.67
121,123,17.86
120,123,20.83
118,123,25.0
114,123,35.71
109,123,50.0
97,124,83.33
35,127,255.0
35,137,255.0
35,147,255.0
35,158,255.0
35,168,255.0
35,178,255.0
35,188,255.0
35,198,255.0
35,209,255.0
35,219,255.0
35,229,255.0
35,239,255.0
35,249,255.0
121,136,17.86
120,138,19.23
120,140,20.83
119,142,22.73
117,146,27.78
112,157,41.67
97,190,83.33
82,227,125.0
37,255,250.0
35,255,255.0
35,255,255.0
35,255,255.0
35,255,255.0
35,255,255.0
35,255,255.0
124,116,9.62
124,116,10.0
124,116,10.42
124,116,10.87
123,116,11.36
123,116,11.9
123,116,12.5
124,118,10.87
124,119,9.62
45,0,255.0
107,82,62.5
114,99,41.67
111,95,50.0
107,90,62.5
100,80,83.33
123,121,11.36
123,121,11.9
123,122,12.5
123,122,13.16
123,122,13.89
122,122,14.71
122,123,15.63
121,123,17.86
120,123,20.83
119,123,25.0
117,123,31.25
111,123,50.0
100,124,83.33
45,127,255.0
45,137,255.0
45,147,255.0
45,158,255.0
45,168,255.0
45,178,255.0
45,188,255.0
45,198,255.0
45,209,255.0
45,219,255.0
45,229,255.0
45,239,255.0
45,249,255.0
121,136,17.86
121,138,19.23
120,140,20.83
120,142,22.73
119,144,25.0
118,147,27.78
114,159,41.67
87,227,125.0
47,255,250.0
45,255,255.0
45,255,255.0
45,255,255.0
45,255,255.0
45,255,255.0
45,255,255.0
124,116,9.62
124,116,10.0
124,116,10.42
124,116,10.87
124,116,11.36
124,116,11.9
124,116,12.5
124,119,10.0
121,110,20.83
92,32,125.0
115,97,41.67
115,99,41.67
113,95,50.0
110,90,62.5
124,121,10.87
124,121,11.36
124,121,11.9
124,122,12.5
123,122,13.16
123,122,13.16
123,123,13.89
123,123,15.63
122,123,16.67
122,123,19.23
121,123,22.73
119,124,27.78
115,124,41.67
104,124,83.33
56,127,255.0
56,137,255.0
56,147,255.0
56,158,255.0
56,168,255.0
56,178,255.0
56,188,255.0
56,198,255.0
56,209,255.0
56,219,255.0
56,229,255.0
56,239,255.0
56,249,255.0
56,255,255.0
122,138,19.23
121,140,20.83
121,142,22.73
120,144,25.0
119,147,27.78
118,151,31.25
113,167,50.0
57,255,250.0
56,255,255.0
56,255,255.0
56,255,255.0
56,255,255.0
56,255,255.0
56,255,255.0
125,117,9.26
125,117,9.62
125,117,10.0
125,117,10.42
124,117,10.87
124,117,11.36
124,115,13.89
123,112,17.86
67,0,250.0
112,80,62.5
117,97,41.67
117,99,41.67
115,95,50.0
112,90,62.5
124,121,10.87
124,121,11.36
124,121,11.9
124,122,12.5
124,122,12.5
124,122,13.16
124,123,13.89
123,123,14.71
123,123,16.67
122,123,19.23
122,124,20.83
121,124,25.0
117,124,41.67
107,124,83.33
66,127,255.0
66,137,255.0
66,147,255.0
66,158,255.0
66,168,255.0
66,178,255.0
66,188,255.0
66,198,255.0
66,209,255.0
66,219,255.0
66,229,255.0
66,239,255.0
66,249,255.0
66,255,255.0
122,138,19.23
122,140,20.83
122,142,22.73
121,144,25.0
120,147,27.78
120,151,31.25
118,156,35.71
107,197,83.33
66,255,255.0
66,255,255.0
66,255,255.0
66,255,255.0
66,255,255.0
66,255,255.0
125,117,9.26
125,117,9.62
125,117,10.0
125,117,10.42
125,117,10.87
125,118,10.0
124,113,15.63
76,0,255.0
110,60,83.33
121,106,27.78
119,97,41.67
117,93,50.0
117,95,50.0
115,90,62.5
125,121,10.87
125,121,11.36
125,121,11.9
125,122,11.9
125,122,12.5
124,122,13.16
124,123,13.89
124,123,14.71
124,123,15.63
123,123,17.86
123,124,20.83
122,124,25.0
121,125,31.25
115,125,62.5
76,127,255.0
76,137,255.0
76,147,255.0
76,158,255.0
76,168,255.0
76,178,255.0
76,188,255.0
76,198,255.0
76,209,255.0
76,219,255.0
76,229,255.0
76,239,255.0
76,249,255.0
76,255,255.0
123,138,19.23
123,140,20.83
122,142,22.73
122,144,25.0
121,147,27.78
121,151,31.25
120,156,35.71
115,180,62.5
76,255,255.0
76,255,255.0
76,255,255.0
76,255,255.0
76,255,255.0
76,255,255.0
126,117,8.93
126,117,9.26
125,117,9.62
125,117,10.0
125,117,10.87
126,119,8.93
125,113,15.63
126,120,8.62
119,87,50.0
123,106,27.78
119,91,50.0
119,93,50.0
117,87,62.5
117,90,62.5
114,80,83.33
107,62,125.0
87,7,250.0
125,122,11.9
125,122,12.5
125,122,13.16
125,123,13.89
125,123,14.71
125,123,15.63
124,123,17.86
124,124,19.23
123,124,22.73
122,125,31.25
117,125,62.5
86,127,255.0
86,137,255.0
86,147,255.0
86,158,255.0
86,168,255.0
86,178,255.0
86,188,255.0
86,198,255.0
86,209,255.0
86,219,255.0
86,229,255.0
86,239,255.0
86,249,255.0
86,255,255.0
86,255,255.0
124,140,20.83
123,142,22.73
123,144,25.0
123,147,27.78
122,151,31.25
121,156,35.71
119,169,50.0
86,255,255.0
86,255,255.0
86,255,255.0
86,255,255.0
86,255,255.0
86,255,255.0
126,117,8.93
126,117,9.26
126,117,9.62
126,117,10.0
126,118,9.26
126,119,8.33
125,113,15.63
121,85,50.0
122,94,41.67
121,89,50.0
123,105,31.25
120,85,62.5
120,87,62.5
120,90,62.5
117,80,83.33
112,62,125.0
126,122,11.36
126,122,11.9
126,122,12.5
125,122,13.16
125,123,13.89
125,123,14.71
125,123,15.63
125,124,16.67
125,124,19.23
124,124,22.73
124,125,27.78
122,125,41.67
97,127,250.0
96,137,255.0
96,147,255.0
96,158,255.0
96,168,255.0
96,178,255.0
96,188,255.0
96,198,255.0
96,209,255.0
96,219,255.0
96,229,255.0
96,239,255.0
96,249,255.0
96,255,255.0
96,255,255.0
125,140,20.83
124,142,22.73
124,144,25.0
124,147,27.78
123,151,31.25
123,156,35.71
122,162,41.67
96,255,255.0
96,255,255.0
96,255,255.0
96,255,255.0
96,255,255.0
96,255,255.0
126,117,8.93
126,117,9.26
126,117,9.62
126,117,10.0
126,119,8.62
107,0,255.0
126,114,14.71
124,92,41.67
125,112,19.23
123,89,50.0
126,120,9.26
125,108,27.78
122,87,62.5
122,90,62.5
120,80,83.33
117,62,125.0
126,122,11.36
126,122,11.9
126,122,12.5
126,122,13.16
126,123,13.89
126,123,14.71
126,123,15.63
126,124,16.67
126,124,17.86
125,125,20.83
125,125,25.0
124,126,35.71
117,127,125.0
107,137,255.0
107,147,255.0
107,158,255.0
107,168,255.0
107,178,255.0
107,188,255.0
107,198,255.0
107,209,255.0
107,219,255.0
107,229,255.0
107,239,255.0
107,249,255.0
107,255,255.0
107,255,255.0
125,140,20.83
125,142,22.73
125,144,25.0
125,147,27.78
125,151,31.25
124,156,35.71
124,162,41.67
107,255,255.0
107,255,255.0
107,255,255.0
107,255,255.0
107,255,255.0
107,255,255.0
127,117,8.93
127,117,9.26
127,117,9.62
127,117,10.0
127,119,8.33
117,0,250.0
125,72,62.5
126,114,15.63
125,94,41.67
125,89,50.0
125,82,62.5
126,112,22.73
125,87,62.5
126,108,31.25
124,80,83.33
122,62,125.0
127,122,11.36
127,122,11.9
127,122,12.5
126,122,13.16
126,123,13.89
126,123,13.89
126,123,14.71
126,124,16.67
126,124,17.86
126,125,20.83
126,125,22.73
126,126,27.78
125,127,62.5
117,137,250.0
117,147,255.0
117,158,255.0
117,168,255.0
117,178,255.0
117,188,255.0
117,198,255.0
117,209,255.0
117,219,255.0
117,229,255.0
117,239,255.0
117,249,255.0
117,255,255.0
117,255,255.0
117,255,255.0
126,142,22.73
126,144,25.0
126,147,27.78
126,151,31.25
126,156,35.71
125,162,41.67
117,255,255.0
117,255,255.0
117,255,255.0
117,255,255.0
117,255,255.0
117,255,255.0
127,117,8.93
127,117,9.26
127,117,9.62
127,117,10.0
127,116,11.36
127,0,250.0
127,72,62.5
127,92,41.67
127,94,41.67
127,80,62.5
127,82,62.5
127,85,62.5
127,112,22.73
127,77,83.33
127,92,62.5
127,101,50.0
127,122,11.36
127,122,11.9
127,122,12.5
127,122,13.16
127,123,13.16
127,123,13.89
127,123,14.71
127,124,15.63
127,124,17.86
127,125,19.23
127,125,22.73
127,126,27.78
127,127,35.71
127,130,83.33
127,147,250.0
127,158,255.0
127,168,255.0
127,178,255.0
127,188,255.0
127,198,255.0
127,209,255.0
127,219,255.0
127,229,255.0
127,239,255.0
127,249,255.0
127,255,255.0
127,255,255.0
127,255,255.0
127,255,255.0
127,255,255.0
127,255,255.0
127,255,255.0
127,255,255.0
127,255,255.0
127,255,255.0
127,255,255.0
127,255,255.0
127,255,255.0
127,255,255.0
127,255,255.0
127,117,8.62
127,117,8.93
127,117,9.26
127,117,9.62
127,119,8.33
137,0,255.0
130,72,62.5
129,85,50.0
129,87,50.0
128,114,16.67
130,82,62.5
130,85,62.5
130,74,83.33
130,77,83.33
130,80,83.33
130,84,83.33
129,107,41.67
130,100,62.5
130,94,83.33
132,82,125.0
128,123,13.16
128,123,13.89
128,123,14.71
128,124,15.63
128,124,16.67
128,125,19.23
128,125,20.83
128,126,25.0
128,127,31.25
130,130,62.5
137,147,255.0
137,158,255.0
137,168,255.0
137,178,255.0
137,188,255.0
137,198,255.0
137,209,255.0
137,219,255.0
137,229,255.0
137,239,255.0
137,249,255.0
137,255,255.0
137,255,255.0
137,255,255.0
137,255,255.0
137,255,255.0
137,255,255.0
137,255,255.0
137,255,255.0
137,255,255.0
137,255,255.0
137,255,255.0
137,255,255.0
137,255,255.0
137,255,255.0
137,255,255.0
128,117,8.62
128,117,8.93
128,117,9.26
128,117,9.62
128,119,8.06
147,0,250.0
132,72,62.5
131,85,50.0
131,87,50.0
132,80,62.5
132,82,62.5
129,114,19.23
134,74,83.33
134,77,83.33
134,80,83.33
134,84,83.33
134,87,83.33
134,90,83.33
134,94,83.33
128,123,12.5
128,123,13.16
128,123,13.89
128,123,14.71
128,124,15.63
128,124,16.67
128,125,17.86
129,125,20.83
129,126,22.73
129,127,27.78
130,129,41.67
134,134,83.33
147,158,255.0
147,168,255.0
147,178,255.0
147,188,255.0
147,198,255.0
147,209,255.0
147,219,255.0
147,229,255.0
147,239,255.0
147,249,255.0
147,255,255.0
147,255,255.0
147,255,255.0
147,255,255.0
147,255,255.0
147,255,255.0
147,255,255.0
147,255,255.0
147,255,255.0
147,255,255.0
147,255,255.0
147,255,255.0
147,255,255.0
147,255,255.0
147,255,255.0
128,117,8.62
128,117,8.93
128,117,9.26
128,118,9.26
128,119,8.06
128,116,11.9
135,72,62.5
133,85,50.0
133,87,50.0
135,80,62.5
137,67,83.33
137,70,83.33
137,74,83.33
137,77,83.33
137,80,83.33
137,84,83.33
137,87,83.33
137,90,83.33
135,102,62.5
129,123,12.5
129,123,13.16
129,123,13.89
129,123,14.71
129,124,15.63
129,124,16.67
129,125,17.86
129,125,19.23
130,126,22.73
130,127,25.0
131,128,31.25
135,132,62.5
158,158,255.0
158,168,255.0
158,178,255.0
158,188,255.0
158,198,255.0
158,209,255.0
158,219,255.0
158,229,255.0
158,239,255.0
158,249,255.0
158,255,255.0
158,255,255.0
158,255,255.0
158,255,255.0
158,255,255.0
158,255,255.0
158,255,255.0
158,255,255.0
158,255,255.0
158,255,255.0
158,255,255.0
158,255,255.0
158,255,255.0
158,255,255.0
158,255,255.0
128,117,8.62
128,117,8.93
128,117,9.26
128,118,8.62
167,0,250.0
128,120,7.81
137,72,62.5
135,85,50.0
135,87,50.0
140,64,83.33
130,115,16.67
140,70,83.33
140,74,83.33
140,77,83.33
140,80,83.33
131,113,27.78
140,87,83.33
140,90,83.33
137,102,62.5
129,123,12.5
129,123,13.16
129,123,13.89
129,123,14.71
129,124,14.71
130,125,15.63
130,125,16.67
130,125,19.23
130,126,20.83
131,127,25.0
132,128,31.25
134,130,41.67
147,142,125.0
168,168,255.0
168,178,255.0
168,188,255.0
168,198,255.0
168,209,255.0
168,219,255.0
168,229,255.0
168,239,255.0
168,249,255.0
168,255,255.0
168,255,255.0
168,255,255.0
168,255,255.0
168,255,255.0
168,255,255.0
168,255,255.0
168,255,255.0
168,255,255.0
168,255,255.0
168,255,255.0
168,255,255.0
168,255,255.0
168,255,255.0
168,255,255.0
152,0,125.0
178,0,255.0
178,0,255.0
152,2,125.0
144,47,83.33
140,70,62.5
130,116,12.5
135,92,41.67
137,87,50.0
129,120,8.62
144,67,83.33
144,70,83.33
131,115,19.23
144,77,83.33
144,80,83.33
144,84,83.33
133,112,31.25
144,90,83.33
137,107,50.0
144,97,83.33
152,87,125.0
177,57,250.0
130,124,13.89
130,124,14.71
130,125,15.63
130,125,16.67
131,126,17.86
131,126,20.83
132,127,22.73
133,128,27.78
134,130,35.71
144,137,83.33
178,168,255.0
178,178,255.0
178,188,255.0
178,198,255.0
178,209,255.0
178,219,255.0
178,229,255.0
178,239,255.0
178,249,255.0
178,255,255.0
178,255,255.0
178,255,255.0
178,255,255.0
178,255,255.0
178,255,255.0
178,255,255.0
178,255,255.0
178,255,255.0
178,255,255.0
178,255,255.0
178,255,255.0
178,255,255.0
178,255,255.0
178,255,255.0
129,119,7.14
129,119,7.35
129,119,7.58
129,119,7.58
139,79,50.0
139,81,50.0
136,96,35.71
136,97,35.71
137,94,41.67
142,80,62.5
142,82,62.5
147,70,83.33
147,74,83.33
157,52,125.0
187,0,250.0
187,0,250.0
187,7,250.0
187,17,250.0
147,94,83.33
147,97,83.33
157,87,125.0
187,57,250.0
130,124,13.89
131,124,14.71
131,125,15.63
131,125,16.67
131,126,17.86
132,126,20.83
132,127,22.73
134,128,27.78
135,130,31.25
139,133,50.0
187,167,250.0
188,178,255.0
188,188,255.0
188,198,255.0
188,209,255.0
188,219,255.0
188,229,255.0
188,239,255.0
188,249,255.0
188,255,255.0
188,255,255.0
188,255,255.0
188,255,255.0
188,255,255.0
188,255,255.0
188,255,255.0
188,255,255.0
188,255,255.0
188,255,255.0
188,255,255.0
188,255,255.0
188,255,255.0
188,255,255.0
188,255,255.0
134,99,25.0
129,120,6.94
135,98,27.78
130,117,10.0
129,120,7.35
130,117,11.36
136,100,31.25
137,97,35.71
139,94,41.67
141,89,50.0
141,91,50.0
150,70,83.33
162,47,125.0
132,116,17.86
132,116,19.23
133,116,20.83
134,115,25.0
198,15,255.0
197,27,250.0
150,97,83.33
150,100,83.33
162,92,125.0
131,124,13.89
131,124,14.71
131,125,15.63
132,125,16.67
132,126,17.86
132,126,19.23
133,127,22.73
134,128,25.0
136,130,31.25
139,132,41.67
162,147,125.0
198,178,255.0
198,188,255.0
198,198,255.0
198,209,255.0
198,219,255.0
198,229,255.0
198,239,255.0
198,249,255.0
198,255,255.0
198,255,255.0
198,255,255.0
198,255,255.0
198,255,255.0
198,255,255.0
198,255,255.0
198,255,255.0
198,255,255.0
198,255,255.0
198,255,255.0
198,255,255.0
198,255,255.0
198,255,255.0
198,255,255.0
129,120,6.58
129,120,6.76
130,117,9.62
134,104,22.73
135,103,25.0
131,117,11.36
131,117,11.9
131,117,12.5
140,94,41.67
130,120,8.62
130,121,8.93
167,42,125.0
207,0,250.0
130,121,10.42
130,121,10.87
133,118,17.86
134,117,20.83
135,116,25.0
131,122,11.9
138,114,35.71
140,114,41.67
143,113,50.0
154,107,83.33
209,76,255.0
132,125,15.63
132,125,16.67
133,126,17.86
133,126,19.23
134,127,20.83
135,128,25.0
136,129,27.78
138,131,35.71
147,137,62.5
209,178,255.0
209,188,255.0
209,198,255.0
209,209,255.0
209,219,255.0
209,229,255.0
209,239,255.0
209,249,255.0
209,255,255.0
209,255,255.0
209,255,255.0
209,255,255.0
209,255,255.0
209,255,255.0
209,255,255.0
209,255,255.0
209,255,255.0
209,255,255.0
209,255,255.0
209,255,255.0
209,255,255.0
209,255,255.0
209,255,255.0
130,117,8.93
130,117,9.26
134,107,19.23
130,120,6.94
130,120,7.14
130,120,7.35
137,103,27.78
140,97,35.71
130,120,8.62
150,80,62.5
131,119,11.36
131,120,10.87
131,120,11.36
131,120,11.9
132,120,12.5
132,120,13.16
133,118,17.86
131,122,11.9
136,117,25.0
137,117,27.78
138,117,31.25
140,117,35.71
132,123,14.71
157,110,83.33
217,87,250.0
133,125,16.67
133,126,17.86
134,126,19.23
135,127,20.83
135,128,22.73
137,129,27.78
140,131,35.71
145,135,50.0
172,152,125.0
219,188,255.0
219,198,255.0
219,209,255.0
219,219,255.0
219,229,255.0
219,239,255.0
219,249,255.0
219,255,255.0
219,255,255.0
219,255,255.0
219,255,255.0
219,255,255.0
219,255,255.0
219,255,255.0
219,255,255.0
219,255,255.0
219,255,255.0
219,255,255.0
219,255,255.0
219,255,255.0
219,255,255.0
219,255,255.0
134,108,16.67
134,109,16.67
134,108,17.86
134,109,17.86
135,107,20.83
136,106,22.73
138,103,27.78
131,118,10.87
131,119,10.0
160,64,83.33
227,0,250.0
229,0,255.0
229,0,255.0
229,0,255.0
132,120,12.5
132,120,13.16
133,120,13.89
134,120,16.67
135,119,20.83
132,122,13.16
137,119,25.0
138,119,27.78
133,123,15.63
133,124,15.63
160,114,83.33
229,96,255.0
134,126,17.86
134,126,17.86
135,127,20.83
136,128,22.73
138,129,27.78
140,131,31.25
144,134,41.67
160,144,83.33
229,188,255.0
229,198,255.0
229,209,255.0
229,219,255.0
229,229,255.0
229,239,255.0
229,249,255.0
229,255,255.0
229,255,255.0
229,255,255.0
229,255,255.0
229,255,255.0
229,255,255.0
229,255,255.0
229,255,255.0
229,255,255.0
229,255,255.0
229,255,255.0
229,255,255.0
229,255,255.0
229,255,255.0
229,255,255.0
134,110,15.63
134,110,15.63
131,117,10.0
132,117,10.42
135,109,19.23
132,117,10.87
132,117,10.87
131,119,9.62
237,0,250.0
182,32,125.0
237,0,250.0
239,0,255.0
239,0,255.0
239,0,255.0
133,120,12.5
133,120,13.16
133,120,13.89
133,121,14.71
134,121,15.63
133,122,13.89
136,120,20.83
136,121,20.83
135,123,17.86
135,123,17.86
134,124,16.67
182,112,125.0
239,107,255.0
135,126,17.86
135,127,19.23
137,128,22.73
138,129,25.0
141,131,31.25
145,134,41.67
155,140,62.5
239,188,255.0
239,198,255.0
239,209,255.0
239,219,255.0
239,229,255.0
239,239,255.0
239,249,255.0
239,255,255.0
239,255,255.0
239,255,255.0
239,255,255.0
239,255,255.0
239,255,255.0
239,255,255.0
239,255,255.0
239,255,255.0
239,255,255.0
239,255,255.0
239,255,255.0
239,255,255.0
239,255,255.0
239,255,255.0
134,111,14.71
131,117,9.26
135,111,15.63
135,110,16.67
136,110,17.86
132,117,10.87
132,118,10.42
187,22,125.0
151,87,50.0
157,80,62.5
167,67,83.33
187,42,125.0
247,0,250.0
249,0,255.0
249,0,255.0
133,121,12.5
133,121,13.16
134,121,13.89
134,121,14.71
136,121,17.86
135,122,16.67
136,122,17.86
136,122,19.23
137,123,20.83
142,122,31.25
157,120,62.5
247,107,250.0
136,126,17.86
136,127,19.23
137,128,20.83
139,129,25.0
140,130,27.78
144,133,35.71
157,140,62.5
249,188,255.0
249,198,255.0
249,209,255.0
249,219,255.0
249,229,255.0
249,239,255.0
249,249,255.0
249,255,255.0
249,255,255.0
249,255,255.0
249,255,255.0
249,255,255.0
249,255,255.0
249,255,255.0
249,255,255.0
249,255,255.0
249,255,255.0
249,255,255.0
249,255,255.0
249,255,255.0
249,255,255.0
249,255,255.0
131,117,8.62
132,117,9.26
130,120,6.58
131,120,6.76
136,110,17.86
132,117,10.42
140,105,25.0
192,22,125.0
153,87,50.0
160,80,62.5
170,67,83.33
192,42,125.0
255,0,250.0
255,0,255.0
255,0,255.0
255,0,255.0
134,121,13.16
134,121,13.89
135,121,14.71
138,120,20.83
137,121,19.23
136,122,17.86
137,122,19.23
138,123,20.83
139,123,22.73
146,123,35.71
170,120,83.33
255,117,255.0
137,127,19.23
138,128,20.83
139,129,22.73
141,130,27.78
146,133,35.71
153,137,50.0
192,157,125.0
255,198,255.0
255,209,255.0
255,219,255.0
255,229,255.0
255,239,255.0
255,249,255.0
255,255,255.0
255,255,255.0
255,255,255.0
255,255,255.0
255,255,255.0
255,255,255.0
255,255,255.0
255,255,255.0
255,255,255.0
255,255,255.0
255,255,255.0
255,255,255.0
255,255,255.0
255,255,255.0
255,255,255.0
131,120,6.41
135,111,14.71
131,120,6.58
131,120,6.76
131,120,6.94
138,109,19.23
133,118,10.0
145,101,31.25
162,77,62.5
162,80,62.5
174,67,83.33
197,42,125.0
255,0,250.0
255,0,255.0
255,0,255.0
255,0,255.0
255,5,255.0
135,121,13.89
135,121,14.71
139,120,20.83
139,120,20.83
138,122,19.23
138,122,19.23
139,123,20.83
140,123,22.73
141,124,25.0
155,123,50.0
138,126,19.23
138,127,19.23
139,128,20.83
140,129,22.73
141,130,25.0
145,132,31.25
150,135,41.67
174,147,83.33
255,198,255.0
255,209,255.0
255,219,255.0
255,229,255.0
255,239,255.0
255,249,255.0
255,255,255.0
255,255,255.0
255,255,255.0
255,255,255.0
255,255,255.0
255,255,255.0
255,255,255.0
255,255,255.0
255,255,255.0
255,255,255.0
255,255,255.0
255,255,255.0
255,255,255.0
255,255,255.0
255,255,255.0
131,120,6.58
136,111,14.71
133,117,9.26
133,117,9.62
131,120,6.94
133,117,10.42
133,118,10.0
144,104,27.78
177,60,83.33
165,80,62.5
177,67,83.33
202,42,125.0
255,0,250.0
255,0,255.0
255,0,255.0
255,0,255.0
255,5,255.0
135,121,13.89
136,121,14.71
139,120,19.23
137,122,16.67
138,122,17.86
139,122,19.23
140,123,20.83
141,123,22.73
142,124,25.0
144,125,27.78
140,126,20.83
255,127,255.0
140,128,20.83
141,129,22.73
142,130,25.0
146,132,31.25
148,134,35.71
165,142,62.5
255,198,255.0
255,209,255.0
255,219,255.0
255,229,255.0
255,239,255.0
255,249,255.0
255,255,255.0
255,255,255.0
255,255,255.0
255,255,255.0
255,255,255.0
255,255,255.0
255,255,255.0
255,255,255.0
255,255,255.0
255,255,255.0
255,255,255.0
255,255,255.0
255,255,255.0
255,255,255.0
255,255,255.0
131,119,6.76
136,111,14.71
133,118,8.93
131,120,6.76
131,120,6.94
132,120,7.14
133,118,10.0
145,104,27.78
150,98,35.71
167,80,62.5
180,67,83.33
207,42,125.0
255,0,250.0
255,0,255.0
255,0,255.0
255,0,255.0
255,5,255.0
255,15,255.0
136,121,14.71
137,121,15.63
138,122,16.67
138,122,17.86
139,122,19.23
140,123,20.83
142,123,22.73
143,124,25.0
145,125,27.78
159,125,50.0
255,127,250.0
140,128,20.83
142,129,22.73
143,130,25.0
145,131,27.78
150,134,35.71
159,139,50.0
255,197,250.0
255,209,255.0
255,219,255.0
255,229,255.0
255,239,255.0
255,249,255.0
255,255,255.0
255,255,255.0
255,255,255.0
255,255,255.0
255,255,255.0
255,255,255.0
255,255,255.0
255,255,255.0
255,255,255.0
255,255,255.0
255,255,255.0
255,255,255.0
255,255,255.0
255,255,255.0
255,255,255.0
132,119,7.35
132,120,6.94
132,120,6.76
133,118,9.26
132,120,6.94
134,118,10.0
134,118,10.0
144,106,25.0
155,94,41.67
255,0,255.0
255,0,255.0
255,0,255.0
255,0,250.0
255,0,255.0
255,0,255.0
255,0,255.0
255,5,255.0
255,15,255.0
138,121,15.63
138,121,16.67
139,121,17.86
140,122,19.23
141,122,20.83
142,122,22.73
144,123,25.0
146,124,27.78
148,125,31.25
151,126,35.71
142,127,22.73
255,137,255.0
142,129,22.73
142,130,22.73
144,131,25.0
148,133,31.25
161,139,50.0
212,162,125.0
255,209,255.0
255,219,255.0
255,229,255.0
255,239,255.0
255,249,255.0
255,255,255.0
255,255,255.0
255,255,255.0
255,255,255.0
255,255,255.0
255,255,255.0
255,255,255.0
255,255,255.0
255,255,255.0
255,255,255.0
255,255,255.0
255,255,255.0
255,255,255.0
255,255,255.0
255,255,255.0
